{
	"description": "Instances",
	"name": "/Compute-<identity_domian>/<userid>/instances",
	"oplans": [{
		"label": "master_1",
		"obj_type": "launchplan",
		"ha_policy": "active",
		"objects": [{
			"instances": [{
				"imagelist": "/Compute-<identity_domian>/<userid>/<centos_image_name>",
				"label": "master1",
				"hostname": "master-1",
				"name": "/Compute-<identity_domian>/<userid>/master_1",
				"storage_attachments": [{
					"index": 1,
					"volume": "/Compute-<identity_domian>/<userid>/master_1_volume"
				}],
				"networking": {
					"eth0": {
						"seclists": ["/Compute-<identity_domian>/default/default",
						"/Compute-<identity_domian>/<userid>/master_seclist"],
						"nat": "ipreservation:/Compute-<identity_domian>/<userid>/ipres_master_1"
					}
				},
				"shape": "oc2m",
				"sshkeys": ["/Compute-<identity_domian>/<userid>/<sshkey>"]
			}]
		}]
	},
	{
		"label": "master_2",
		"obj_type": "launchplan",
		"ha_policy": "active",
		"objects": [{
			"instances": [{
				"imagelist": "/Compute-<identity_domian>/<userid>/<centos_image_name>",
				"label": "master2",
				"hostname": "master-2",
				"name": "/Compute-<identity_domian>/<userid>/master_2",
				"storage_attachments": [{
					"index": 1,
					"volume": "/Compute-<identity_domian>/<userid>/master_2_volume"
				}],
				"networking": {
					"eth0": {
						"seclists": ["/Compute-<identity_domian>/default/default",
						"/Compute-<identity_domian>/<userid>/master_seclist"],
						"nat": "ipreservation:/Compute-<identity_domian>/<userid>/ipres_master_2"
					}
				},
				"shape": "oc2m",
				"sshkeys": ["/Compute-<identity_domian>/<userid>/<sshkey>"]
			}]
		}]
	},
	{
		"label": "master_3",
		"obj_type": "launchplan",
		"ha_policy": "active",
		"objects": [{
			"instances": [{
				"imagelist": "/Compute-<identity_domian>/<userid>/<centos_image_name>",
				"label": "master3",
				"hostname": "master-3",
				"name": "/Compute-<identity_domian>/<userid>/master_3",
				"storage_attachments": [{
					"index": 1,
					"volume": "/Compute-<identity_domian>/<userid>/master_3_volume"
				}],
				"networking": {
					"eth0": {
						"seclists": ["/Compute-<identity_domian>/default/default",
						"/Compute-<identity_domian>/<userid>/master_seclist"],
						"nat": "ipreservation:/Compute-<identity_domian>/<userid>/ipres_master_3"
					}
				},
				"shape": "oc2m",
				"sshkeys": ["/Compute-<identity_domian>/<userid>/<sshkey>"]
			}]
		}]
	},
	{
		"label": "public_agent_1",
		"obj_type": "launchplan",
		"ha_policy": "active",
		"objects": [{
			"instances": [{
				"imagelist": "/Compute-<identity_domian>/<userid>/<centos_image_name>",
				"label": "public_agent_1",
				"hostname": "public-agent-1",
				"name": "/Compute-<identity_domian>/<userid>/public_agent_1",
				"storage_attachments": [{
					"index": 1,
					"volume": "/Compute-<identity_domian>/<userid>/public_1_volume"
				}],
				"networking": {
					"eth0": {
						"seclists": ["/Compute-<identity_domian>/default/default",
						"/Compute-<identity_domian>/<userid>/agents_seclist"],
						"nat": "ipreservation:/Compute-<identity_domian>/<userid>/ipres_public_1"
					}
				},
				"shape": "oc4",
				"sshkeys": ["/Compute-<identity_domian>/<userid>/<sshkey>"]
			}]
		}]
	},
	{
		"label": "public_agent_2",
		"obj_type": "launchplan",
		"ha_policy": "active",
		"objects": [{
			"instances": [{
				"imagelist": "/Compute-<identity_domian>/<userid>/<centos_image_name>",
				"label": "public_agent_2",
				"hostname": "public-agent-2",
				"name": "/Compute-<identity_domian>/<userid>/public_agent_2",
				"storage_attachments": [{
					"index": 1,
					"volume": "/Compute-<identity_domian>/<userid>/public_2_volume"
				}],
				"networking": {
					"eth0": {
						"seclists": ["/Compute-<identity_domian>/default/default",
						"/Compute-<identity_domian>/<userid>/agents_seclist"],
						"nat": "ipreservation:/Compute-<identity_domian>/<userid>/ipres_public_2"
					}
				},
				"shape": "oc4",
				"sshkeys": ["/Compute-<identity_domian>/<userid>/<sshkey>"]
			}]
		}]
	},
	{
		"label": "public_agent_3",
		"obj_type": "launchplan",
		"ha_policy": "active",
		"objects": [{
			"instances": [{
				"imagelist": "/Compute-<identity_domian>/<userid>/<centos_image_name>",
				"label": "public_agent_3",
				"hostname": "public-agent-3",
				"name": "/Compute-<identity_domian>/<userid>/public_agent_3",
				"storage_attachments": [{
					"index": 1,
					"volume": "/Compute-<identity_domian>/<userid>/public_3_volume"
				}],
				"networking": {
					"eth0": {
						"seclists": ["/Compute-<identity_domian>/default/default",
						"/Compute-<identity_domian>/<userid>/agents_seclist"],
						"nat": "ipreservation:/Compute-<identity_domian>/<userid>/ipres_public_3"
					}
				},
				"shape": "oc4",
				"sshkeys": ["/Compute-<identity_domian>/<userid>/<sshkey>"]
			}]
		}]
	},
	{
		"label": "private_agent_1",
		"obj_type": "launchplan",
		"ha_policy": "active",
		"objects": [{
			"instances": [{
				"imagelist": "/Compute-<identity_domian>/<userid>/<centos_image_name>",
				"label": "private_agent_1",
				"hostname": "private-agent-1",
				"name": "/Compute-<identity_domian>/<userid>/private_agent_1",
				"storage_attachments": [{
					"index": 1,
					"volume": "/Compute-<identity_domian>/<userid>/private_1_volume"
				}],
				"networking": {
					"eth0": {
						"seclists": ["/Compute-<identity_domian>/default/default",
						"/Compute-<identity_domian>/<userid>/agents_seclist"],
						"nat": "ipreservation:/Compute-<identity_domian>/<userid>/ipres_private_1"
					}
				},
				"shape": "oc4",
				"sshkeys": ["/Compute-<identity_domian>/<userid>/<sshkey>"]
			}]
		}]
	},
	{
		"label": "private_agent_2",
		"obj_type": "launchplan",
		"ha_policy": "active",
		"objects": [{
			"instances": [{
				"imagelist": "/Compute-<identity_domian>/<userid>/<centos_image_name>",
				"label": "private_agent_2",
				"hostname": "private-agent-2",
				"name": "/Compute-<identity_domian>/<userid>/private_agent_2",
				"storage_attachments": [{
					"index": 1,
					"volume": "/Compute-<identity_domian>/<userid>/private_2_volume"
				}],
				"networking": {
					"eth0": {
						"seclists": ["/Compute-<identity_domian>/default/default",
						"/Compute-<identity_domian>/<userid>/agents_seclist"],
						"nat": "ipreservation:/Compute-<identity_domian>/<userid>/ipres_private_2"
					}
				},
				"shape": "oc4",
				"sshkeys": ["/Compute-<identity_domian>/<userid>/<sshkey>"]
			}]
		}]
	},
	{
		"label": "private_agent_3",
		"obj_type": "launchplan",
		"ha_policy": "active",
		"objects": [{
			"instances": [{
				"imagelist": "/Compute-<identity_domian>/<userid>/<centos_image_name>",
				"label": "private_agent_3",
				"hostname": "private-agent-3",
				"name": "/Compute-<identity_domian>/<userid>/private_agent_3",
				"storage_attachments": [{
					"index": 1,
					"volume": "/Compute-<identity_domian>/<userid>/private_3_volume"
				}],
				"networking": {
					"eth0": {
						"seclists": ["/Compute-<identity_domian>/default/default",
						"/Compute-<identity_domian>/<userid>/agents_seclist"],
						"nat": "ipreservation:/Compute-<identity_domian>/<userid>/ipres_private_3"
					}
				},
				"shape": "oc4",
				"sshkeys": ["/Compute-<identity_domian>/<userid>/<sshkey>"]
			}]
		}]
	},
	{
		"label": "bootstrap",
		"obj_type": "launchplan",
		"ha_policy": "active",
		"objects": [{
			"instances": [{
				"imagelist": "/Compute-<identity_domian>/<userid>/<centos_image_name>",
				"label": "bootstrap",
				"name": "/Compute-<identity_domian>/<userid>/bootstrap",
				"hostname": "bootstrap",
				"storage_attachments": [{
					"index": 1,
					"volume": "/Compute-<identity_domian>/<userid>/boot_volume"
				}],
				"networking": {
					"eth0": {
						"seclists": ["/Compute-<identity_domian>/default/default",
						"/Compute-<identity_domian>/<userid>/boot_seclist"],
						"nat": "ipreservation:/Compute-<identity_domian>/<userid>/ipres_boot"
					}
				},
				"shape": "oc1m",
				"sshkeys": ["/Compute-<identity_domian>/<userid>/<sshkey>"]
			}]
		}]
	}]
}