{
	"description": "IP reservations",
	"name": "/Compute-<identity_domian>/<userid>/ipreservations",
	"oplans": [{
		"label": "IP reservations",
		"obj_type": "ip/reservation",
		"objects": [{
			"name": "/Compute-<identity_domian>/<userid>/ipres_master_1",
			"parentpool": "/oracle/public/ippool",
			"permanent": true
		},
		{
			"name": "/Compute-<identity_domian>/<userid>/ipres_master_2",
			"parentpool": "/oracle/public/ippool",
			"permanent": true
		},
		{
			"name": "/Compute-<identity_domian>/<userid>/ipres_master_3",
			"parentpool": "/oracle/public/ippool",
			"permanent": true
		},
		{
			"name": "/Compute-<identity_domian>/<userid>/ipres_public_1",
			"parentpool": "/oracle/public/ippool",
			"permanent": true
		},
		{
			"name": "/Compute-<identity_domian>/<userid>/ipres_public_2",
			"parentpool": "/oracle/public/ippool",
			"permanent": true
		},
		{
			"name": "/Compute-<identity_domian>/<userid>/ipres_public_3",
			"parentpool": "/oracle/public/ippool",
			"permanent": true
		},
		{
			"name": "/Compute-<identity_domian>/<userid>/ipres_private_1",
			"parentpool": "/oracle/public/ippool",
			"permanent": true
		},
		{
			"name": "/Compute-<identity_domian>/<userid>/ipres_private_2",
			"parentpool": "/oracle/public/ippool",
			"permanent": true
		},
		{
			"name": "/Compute-<identity_domian>/<userid>/ipres_private_3",
			"parentpool": "/oracle/public/ippool",
			"permanent": true
		},
		{
			"name": "/Compute-<identity_domian>/<userid>/ipres_boot",
			"parentpool": "/oracle/public/ippool",
			"permanent": true
		}]
	}]
}