{
	"name": "/Compute-<identity_domian>/<userid>/master_orchastration",
	"oplans": [{
		"label": "instances",
		"obj_type": "orchestration",
		"ha_policy": "monitor",
		"objects": [{
			"name": "/Compute-<identity_domian>/<userid>/instances"
		}]
	},
	{
		"label": "Volumes",
		"obj_type": "orchestration",
		"ha_policy": "monitor",
		"objects": [{
			"name": "/Compute-<identity_domian>/<userid>/Volumes"
		}]
	},
	{
		"label": "Seclists",
		"obj_type": "orchestration",
		"ha_policy": "monitor",
		"objects": [{
			"name": "/Compute-<identity_domian>/<userid>/Seclists"
		}]
	},
	{
		"label": "ipreservations",
		"obj_type": "orchestration",
		"ha_policy": "monitor",
		"objects": [{
			"name": "/Compute-<identity_domian>/<userid>/ipreservations"
		}]
	}],
	"relationships": [{
		"oplan": "instances",
		"to_oplan": "Volumes",
		"type": "depends"
	},
	{
		"oplan": "instances",
		"to_oplan": "ipreservations",
		"type": "depends"
	},
	{
		"oplan": "instances",
		"to_oplan": "Seclists",
		"type": "depends"
	}]
}