{
	"description": "Seclists",
	"name": "/Compute-<identity_domian>/<userid>/Seclists",
	"oplans": [{
		"label": "seclists",
		"obj_type": "seclist",
		"objects": [{
			"name": "/Compute-<identity_domian>/<userid>/agents_seclist",
			"policy": "permit",
			"outbound_cidr_policy": "permit"
		},
		{
			"name": "/Compute-<identity_domian>/<userid>/master_seclist",
			"policy": "permit",
			"outbound_cidr_policy": "permit"
		},
		{
			"name": "/Compute-<identity_domian>/<userid>/boot_seclist",
			"policy": "permit",
			"outbound_cidr_policy": "permit"
		}]
	},
	{
		"label": "Ports",
		"obj_type": "secapplication",
		"objects": [{
			"name": "/Compute-<identity_domian>/<userid>/port_53_udp",
			"dport": 53,
			"protocol": "udp"
		},
		{
			"name": "/Compute-<identity_domian>/<userid>/port_53_tcp",
			"dport": 53,
			"protocol": "tcp"
		},
		{
			"name": "/Compute-<identity_domian>/<userid>/port_5051_tcp",
			"dport": 5051,
			"protocol": "tcp"
		},
		{
			"name": "/Compute-<identity_domian>/<userid>/port_2181_tcp",
			"dport": 2181,
			"protocol": "tcp"
		},
		{
			"name": "/Compute-<identity_domian>/<userid>/port_2888_tcp",
			"dport": 2888,
			"protocol": "tcp"
		},
		{
			"name": "/Compute-<identity_domian>/<userid>/port_3888_tcp",
			"dport": 3888,
			"protocol": "tcp"
		},
		{
			"name": "/Compute-<identity_domian>/<userid>/port_5050_tcp",
			"dport": 5050,
			"protocol": "tcp"
		},
		{
			"name": "/Compute-<identity_domian>/<userid>/port_8080_tcp",
			"dport": 8080,
			"protocol": "tcp"
		},
		{
			"name": "/Compute-<identity_domian>/<userid>/port_8123_tcp",
			"dport": 8123,
			"protocol": "tcp"
		},
		{
			"name": "/Compute-<identity_domian>/<userid>/port_8181_tcp",
			"dport": 8181,
			"protocol": "tcp"
		}]
	},
	{
		"label": "Ports_Extended",
		"obj_type": "secapplication",
		"objects": [{
			"name": "/Compute-<identity_domian>/<userid>/port_9000_tcp",
			"dport": 9000,
			"protocol": "tcp"
		},
		{
			"name": "/Compute-<identity_domian>/<userid>/port_9090_tcp",
			"dport": 9090,
			"protocol": "tcp"
		}]
	},
	{
		"label": "Security rules Extended",
		"obj_type": "secrule",
		"objects": [{
			"name": "/Compute-<identity_domian>/<userid>/boot_to_master_8181",
			"application": "/Compute-<identity_domian>/<userid>/port_8181_tcp",
			"src_list": "seclist:/Compute-<identity_domian>/<userid>/boot_seclist",
			"dst_list": "seclist:/Compute-<identity_domian>/<userid>/master_seclist",
			"action": "PERMIT"
		},
		{
			"name": "/Compute-<identity_domian>/<userid>/master_to_agent_5051",
			"application": "/Compute-<identity_domian>/<userid>/port_5051_tcp",
			"src_list": "seclist:/Compute-<identity_domian>/<userid>/master_seclist",
			"dst_list": "seclist:/Compute-<identity_domian>/<userid>/agents_seclist",
			"action": "PERMIT"
		},
		{
			"name": "/Compute-<identity_domian>/<userid>/master_to_agent_53_tcp",
			"application": "/Compute-<identity_domian>/<userid>/port_53_tcp",
			"src_list": "seclist:/Compute-<identity_domian>/<userid>/master_seclist",
			"dst_list": "seclist:/Compute-<identity_domian>/<userid>/agents_seclist",
			"action": "PERMIT"
		},
		{
			"name": "/Compute-<identity_domian>/<userid>/master_to_agent_53_udp",
			"application": "/Compute-<identity_domian>/<userid>/port_53_udp",
			"src_list": "seclist:/Compute-<identity_domian>/<userid>/master_seclist",
			"dst_list": "seclist:/Compute-<identity_domian>/<userid>/agents_seclist",
			"action": "PERMIT"
		},
		{
			"name": "/Compute-<identity_domian>/<userid>/agent_to_master_53_tcp",
			"application": "/Compute-<identity_domian>/<userid>/port_53_tcp",
			"src_list": "seclist:/Compute-<identity_domian>/<userid>/agents_seclist",
			"dst_list": "seclist:/Compute-<identity_domian>/<userid>/master_seclist",
			"action": "PERMIT"
		},
		{
			"name": "/Compute-<identity_domian>/<userid>/agent_to_master_53_udp",
			"application": "/Compute-<identity_domian>/<userid>/port_53_udp",
			"src_list": "seclist:/Compute-<identity_domian>/<userid>/agents_seclist",
			"dst_list": "seclist:/Compute-<identity_domian>/<userid>/master_seclist",
			"action": "PERMIT"
		},
		{
			"name": "/Compute-<identity_domian>/<userid>/boot_to_master_80",
			"application": "/oracle/public/http",
			"src_list": "seclist:/Compute-<identity_domian>/<userid>/boot_seclist",
			"dst_list": "seclist:/Compute-<identity_domian>/<userid>/master_seclist",
			"action": "PERMIT"
		},
		{
			"name": "/Compute-<identity_domian>/<userid>/boot_to_master_443",
			"application": "/oracle/public/https",
			"src_list": "seclist:/Compute-<identity_domian>/<userid>/boot_seclist",
			"dst_list": "seclist:/Compute-<identity_domian>/<userid>/master_seclist",
			"action": "PERMIT"
		},
		{
			"name": "/Compute-<identity_domian>/<userid>/public_to_boot_9000",
			"application": "/Compute-<identity_domian>/<userid>/port_9000_tcp",
			"src_list": "seciplist:/oracle/public/public-internet",
			"dst_list": "seclist:/Compute-<identity_domian>/<userid>/boot_seclist",
			"action": "PERMIT"
		},
		{
			"name": "/Compute-<identity_domian>/<userid>/public_to_boot_9090",
			"application": "/Compute-<identity_domian>/<userid>/port_9090_tcp",
			"src_list": "seciplist:/oracle/public/public-internet",
			"dst_list": "seclist:/Compute-<identity_domian>/<userid>/master_seclist",
			"action": "PERMIT"
		}]
	},
	{
		"label": "Security rules",
		"obj_type": "secrule",
		"objects": [{
			"name": "/Compute-<identity_domian>/<userid>/agent_to_master_2181",
			"application": "/Compute-<identity_domian>/<userid>/port_2181_tcp",
			"src_list": "seclist:/Compute-<identity_domian>/<userid>/agents_seclist",
			"dst_list": "seclist:/Compute-<identity_domian>/<userid>/master_seclist",
			"action": "PERMIT"
		},
		{
			"name": "/Compute-<identity_domian>/<userid>/boot_to_master_2181",
			"application": "/Compute-<identity_domian>/<userid>/port_2181_tcp",
			"src_list": "seclist:/Compute-<identity_domian>/<userid>/boot_seclist",
			"dst_list": "seclist:/Compute-<identity_domian>/<userid>/master_seclist",
			"action": "PERMIT"
		},
		{
			"name": "/Compute-<identity_domian>/<userid>/agent_to_master_2888",
			"application": "/Compute-<identity_domian>/<userid>/port_2888_tcp",
			"src_list": "seclist:/Compute-<identity_domian>/<userid>/agents_seclist",
			"dst_list": "seclist:/Compute-<identity_domian>/<userid>/master_seclist",
			"action": "PERMIT"
		},
		{
			"name": "/Compute-<identity_domian>/<userid>/agent_to_master_3888",
			"application": "/Compute-<identity_domian>/<userid>/port_3888_tcp",
			"src_list": "seclist:/Compute-<identity_domian>/<userid>/agents_seclist",
			"dst_list": "seclist:/Compute-<identity_domian>/<userid>/master_seclist",
			"action": "PERMIT"
		},
		{
			"name": "/Compute-<identity_domian>/<userid>/agent_to_master_5050",
			"application": "/Compute-<identity_domian>/<userid>/port_5050_tcp",
			"src_list": "seclist:/Compute-<identity_domian>/<userid>/agents_seclist",
			"dst_list": "seclist:/Compute-<identity_domian>/<userid>/master_seclist",
			"action": "PERMIT"
		},
		{
			"name": "/Compute-<identity_domian>/<userid>/agent_to_master_5051",
			"application": "/Compute-<identity_domian>/<userid>/port_5051_tcp",
			"src_list": "seclist:/Compute-<identity_domian>/<userid>/agents_seclist",
			"dst_list": "seclist:/Compute-<identity_domian>/<userid>/master_seclist",
			"action": "PERMIT"
		},
		{
			"name": "/Compute-<identity_domian>/<userid>/agent_to_master_8080",
			"application": "/Compute-<identity_domian>/<userid>/port_8080_tcp",
			"src_list": "seclist:/Compute-<identity_domian>/<userid>/agents_seclist",
			"dst_list": "seclist:/Compute-<identity_domian>/<userid>/master_seclist",
			"action": "PERMIT"
		},
		{
			"name": "/Compute-<identity_domian>/<userid>/boot_to_master_8080",
			"application": "/Compute-<identity_domian>/<userid>/port_8080_tcp",
			"src_list": "seclist:/Compute-<identity_domian>/<userid>/boot_seclist",
			"dst_list": "seclist:/Compute-<identity_domian>/<userid>/master_seclist",
			"action": "PERMIT"
		},
		{
			"name": "/Compute-<identity_domian>/<userid>/agent_to_master_8123",
			"application": "/Compute-<identity_domian>/<userid>/port_8123_tcp",
			"src_list": "seclist:/Compute-<identity_domian>/<userid>/agents_seclist",
			"dst_list": "seclist:/Compute-<identity_domian>/<userid>/master_seclist",
			"action": "PERMIT"
		},
		{
			"name": "/Compute-<identity_domian>/<userid>/agent_to_master_8181",
			"application": "/Compute-<identity_domian>/<userid>/port_8181_tcp",
			"src_list": "seclist:/Compute-<identity_domian>/<userid>/agents_seclist",
			"dst_list": "seclist:/Compute-<identity_domian>/<userid>/master_seclist",
			"action": "PERMIT"
		}]
	}],
	"relationships": [{
		"oplan": "Security rules",
		"to_oplan": "Ports_Extended",
		"type": "depends"
	},
	{
		"oplan": "Security rules",
		"to_oplan": "Ports",
		"type": "depends"
	},
	{
		"oplan": "Security rules",
		"to_oplan": "seclists",
		"type": "depends"
	},
	{
		"oplan": "Security rules Extended",
		"to_oplan": "Ports_Extended",
		"type": "depends"
	},
	{
		"oplan": "Security rules Extended",
		"to_oplan": "Ports",
		"type": "depends"
	},
	{
		"oplan": "Security rules Extended",
		"to_oplan": "seclists",
		"type": "depends"
	}]
}