{
	"description": "Volumes",
	"name": "/Compute-<identity_domian>/<userid>/Volumes",
	"oplans": [{
		"label": "master_1_volume",
		"obj_type": "storage/volume",
		"ha_policy": "monitor",
		"objects": [{
			"name": "/Compute-<identity_domian>/<userid>/master_1_volume",
			"size": "30G",
			"index": 1,
			"properties": ["/oracle/public/storage/default"]
		}]
	},
	{
		"label": "master_2_volume",
		"obj_type": "storage/volume",
		"ha_policy": "monitor",
		"objects": [{
			"name": "/Compute-<identity_domian>/<userid>/master_2_volume",
			"size": "30G",
			"index": 1,
			"properties": ["/oracle/public/storage/default"]
		}]
	},
	{
		"label": "master_3_volume",
		"obj_type": "storage/volume",
		"ha_policy": "monitor",
		"objects": [{
			"name": "/Compute-<identity_domian>/<userid>/master_3_volume",
			"size": "30G",
			"index": 1,
			"properties": ["/oracle/public/storage/default"]
		}]
	},
	{
		"label": "public_1_volume",
		"obj_type": "storage/volume",
		"ha_policy": "monitor",
		"objects": [{
			"name": "/Compute-<identity_domian>/<userid>/public_1_volume",
			"size": "30G",
			"index": 1,
			"properties": ["/oracle/public/storage/default"]
		}]
	},
	{
		"label": "public_2_volume",
		"obj_type": "storage/volume",
		"ha_policy": "monitor",
		"objects": [{
			"name": "/Compute-<identity_domian>/<userid>/public_2_volume",
			"size": "30G",
			"index": 1,
			"properties": ["/oracle/public/storage/default"]
		}]
	},
	{
		"label": "public_3_volume",
		"obj_type": "storage/volume",
		"ha_policy": "monitor",
		"objects": [{
			"name": "/Compute-<identity_domian>/<userid>/public_3_volume",
			"size": "30G",
			"index": 1,
			"properties": ["/oracle/public/storage/default"]
		}]
	},
	{
		"label": "private_1_volume",
		"obj_type": "storage/volume",
		"ha_policy": "monitor",
		"objects": [{
			"name": "/Compute-<identity_domian>/<userid>/private_1_volume",
			"size": "30G",
			"index": 1,
			"properties": ["/oracle/public/storage/default"]
		}]
	},
	{
		"label": "private_2_volume",
		"obj_type": "storage/volume",
		"ha_policy": "monitor",
		"objects": [{
			"name": "/Compute-<identity_domian>/<userid>/private_2_volume",
			"size": "30G",
			"index": 1,
			"properties": ["/oracle/public/storage/default"]
		}]
	},
	{
		"label": "private_3_volume",
		"obj_type": "storage/volume",
		"ha_policy": "monitor",
		"objects": [{
			"name": "/Compute-<identity_domian>/<userid>/private_3_volume",
			"size": "30G",
			"index": 1,
			"properties": ["/oracle/public/storage/default"]
		}]
	},
	{
		"label": "boot_volume",
		"obj_type": "storage/volume",
		"ha_policy": "monitor",
		"objects": [{
			"name": "/Compute-<identity_domian>/<userid>/boot_volume",
			"size": "30G",
			"index": 1,
			"properties": ["/oracle/public/storage/default"]
		}]
	}]
}